Rank,Lever,Annual Saving (KCHF),Impl Cost (KCHF),ROI,Payback (years),New Fill Rate (avg %),Verdict
1,Review cycle halved,13.437332570235725,20.0,0.6718666285117862,1.488390638206043,99.8163301086168,Marginal
2,Lead-time reduction (30%),14.385676876472438,50.0,0.2877135375294488,3.4756793461539695,99.83390151902954,Marginal
3,Forecast improvement (15%),14.15848664565533,200.0,0.07079243322827665,14.12580348489236,99.8296694141862,Marginal
4,Combined (forecast + LT),15.703638675341882,240.0,0.06543182781392451,15.283082154510602,99.85829305902651,Marginal
